<?xml version="1.0"?>
<!DOCTYPE module PUBLIC
        "-//Puppy Crawl//DTD Check Configuration 1.3//EN"
        "http://www.puppycrawl.com/dtds/configuration_1_3.dtd">
	<module name="Checker">
    <property name="fileExtensions" value="java"/>
    <property name="haltOnException" value="false"/>
    <module name="FileTabCharacter"/>
    <module name="NewlineAtEndOfFile"/>
    <module name="SuppressWarningsFilter"/>
    <module name="TreeWalker">
        <module name="SuppressWarningsHolder" />
        <!-- Annotations -->
        <!-- http://checkstyle.sourceforge.net/config_annotation.html -->
        <module name="AnnotationLocation">
            <property name="allowSamelineMultipleAnnotations" value="true"/>
        </module>
        <!-- Block Checks -->
        <!-- http://checkstyle.sourceforge.net/config_blocks.html -->
        <module name="EmptyBlock"/>
        <module name="EmptyCatchBlock">
            <property name="commentFormat" value="^Thou shalt not have an empty catch block$"/>
        </module>
        <!-- Class Design -->
        <!-- http://checkstyle.sourceforge.net/config_design.html -->
        <module name="InterfaceIsType"/>
        <module name="OneTopLevelClass"/>
        <module name="ThrowsCount"/>
        <!-- Coding -->
        <!-- http://checkstyle.sourceforge.net/config_coding.html -->
        <module name="CovariantEquals"/>
        <module name="DefaultComesLast"/>
        <module name="EmptyStatement"/>
        <module name="EqualsAvoidNull"/>
        <module name="EqualsHashCode"/>
        <module name="ExplicitInitialization"/>
        <module name="IllegalInstantiation">
            <property name="classes" value="java.lang.Boolean"/>
        </module>
        <module name="IllegalType"/>
        <!--<module name="MultipleStringLiterals"/> todo re-add this if possible-->
        <module name="NoFinalizer"/>
        <module name="OneStatementPerLine"/>
        <module name="PackageDeclaration"/>
        <module name="SimplifyBooleanReturn"/>
        <module name="StringLiteralEquality"/>
        <module name="SuperClone"/>
        <module name="SuperFinalize"/>
        <!-- Imports -->
        <!-- http://checkstyle.sourceforge.net/config_imports.html -->
        <module name="IllegalImport"/>
        <module name="RedundantImport"/>
        <module name="UnusedImports"/>
        <!-- Miscellaneous -->
        <!-- http://checkstyle.sourceforge.net/config_misc.html -->
        <module name="ArrayTypeStyle"/>
        <module name="AvoidEscapedUnicodeCharacters">
            <property name="allowByTailComment" value="true"/>
            <property name="allowNonPrintableEscapes" value="true"/>
        </module>
        <module name="CommentsIndentation"/>
 
        <module name="OuterTypeFilename"/>
        <module name="UncommentedMain">
            <property name="excludedClasses" value="Application$"/>
        </module>
        <module name="UpperEll"/>
        <!-- Modifiers -->
        <!-- http://checkstyle.sourceforge.net/config_modifier.html -->
        <!-- Naming -->
        <!-- http://checkstyle.sourceforge.net/config_naming.html -->
        <module name="CatchParameterName">
            <property name="format" value="^[a-z][a-z][a-zA-Z]+$"/>
        </module>
        <module name="ClassTypeParameterName"/>
        <module name="InterfaceTypeParameterName"/>
        <module name="ConstantName"/>
        <module name="LocalFinalVariableName"/>
        <module name="LocalVariableName"/>
        <module name="PackageName"/>
        <module name="ParameterName"/>
        <module name="TypeName"/>
        <!-- Sizes -->
        <!-- http://checkstyle.sourceforge.net/config_sizes.html -->
        <module name="AnonInnerLength"/>
        <module name="OuterTypeNumber"/>
        <!-- Whitespace -->
        <!-- http://checkstyle.sourceforge.net/config_whitespace.html -->
        <module name="EmptyForInitializerPad">
            <property name="option" value="space"/>
        </module>
        <module name="EmptyForIteratorPad">
            <property name="option" value="space"/>
        </module>
        <module name="EmptyLineSeparator">
            <property name="allowNoEmptyLineBetweenFields" value="true"/>
            <property name="allowMultipleEmptyLines" value="false"/>
            <property name="allowMultipleEmptyLinesInsideClassMembers" value="false"/>
        </module>
        <module name="GenericWhitespace"/>
        <module name="MethodParamPad"/>
        <module name="NoLineWrap"/>
        <module name="NoWhitespaceAfter">
            <property name="tokens" value="UNARY_MINUS, UNARY_PLUS, DOT, INDEX_OP"/>
        </module>
        <module name="NoWhitespaceBefore"/>
        <module name="ParenPad">
            <property name="option" value="space"/>
        </module>
        <module name="SeparatorWrap">
            <property name="option" value="eol"/>
            <property name="tokens" value="COMMA, SEMI"/>
        </module>
        <module name="SeparatorWrap">
            <property name="option" value="nl"/>
            <property name="tokens" value="DOT"/>
        </module>
        <module name="SingleSpaceSeparator"/>
        <module name="TypecastParenPad"/>
        <module name="WhitespaceAfter">
            <property name="tokens" value="COMMA, SEMI"/>
        </module>
        <module name="WhitespaceAround">
            <property name="tokens"
                      value="ASSIGN, DIV, DIV_ASSIGN, EQUAL, GE, GT, LAMBDA, LAND, LCURLY, LE, LOR, LT, MINUS, MINUS_ASSIGN, MOD, MOD_ASSIGN, NOT_EQUAL, PLUS, PLUS_ASSIGN, QUESTION, RCURLY, SLIST, STAR, STAR_ASSIGN, TYPE_EXTENSION_AND"/>
        </module>
    </module>
</module>
